<?xml version="1.0" encoding="UTF-8"?>
<addon id="plugin.video.tv online"
       name="tv online"
       version="0.0.4"
       provider-name="rickyboy">
    <requires>
        <import addon="xbmc.python" version="3.2.1"/>
	<import addon="script.module.t0mm0.common" version="1.0.0"/>
    </requires>
    <extension point="xbmc.python.pluginsource" library="default.py">
        <provides>video</provides>
    </extension>
    <extension point="xbmc.addon.metadata">
        <summary>Canais do site portugal</summary>
        <description>Canais do site portugal</description>
        <platform>all</platform>
    </extension>
</addon>